{
    "emp_length": {
        "10+": 0.075569,
        "5-9": 0.020044,
        "<5": -0.009668,
        "Missing": -0.389095
    },
    "home_ownership": {
        "MORTGAGE": 0.181942,
        "OTHER": 0.025399,
        "OWN": -0.040206,
        "RENT": -0.19211
    },
    "purpose_group": {
        "wedding": 0.265251,
        "vacation": 0.265251,
        "car": 0.265251,
        "credit_card": 0.176408,
        "home_improvement": 0.176408,
        "major_purchase": 0.176408,
        "house": 0.176408,
        "debt_consolidation": -0.082874,
        "medical": -0.082874,
        "moving": -0.082874,
        "renewable_energy": -0.082874,
        "small_business": -0.082874,
        "other": -0.082874,
        "educational": -0.082874,
        "missing": -0.082874
    },
    "term": {
        "36 months": 0.26918,
        "60 months": -0.654419
    },
    "verification_status": {
        "Not Verified": 0.367984,
        "Source Verified": -0.060243,
        "Verified": -0.227229
    },
    "credit_age": {
        "20y+": 0.126171,
        "10-20y": -0.015303,
        "5-10y": -0.09759,
        "<5y": -0.246351
    },
    "annual_inc": {
        "<40k": -0.214757,
        "40-60k": -0.098178,
        "60-80k": 0.015539,
        "80-120k": 0.168065,
        "120k+": 0.323362,
        "Missing": 1.54927
    },
    "fico": {
        "<660": -0.384124,
        "660-679": -0.254997,
        "680-699": -0.023191,
        "700-719": 0.251562,
        "720-759": 0.577379,
        "760+": 1.056444
    },
    "inq_last_6mths": {
        "0-1": 0.05885,
        "2": -0.234536,
        "3+": -0.38363
    },
    "int_rate": {
        "<=7%": 1.714661,
        "7-10%": 0.85143,
        "10-13%": 0.247831,
        "13-16%": -0.172235,
        "16-20%": -0.600758,
        "20%+": -1.015004
    },
    "loan_amnt": {
        "<=5k": 0.284335,
        "5-10k": 0.181317,
        "10-15k": -0.049287,
        "15-20k": -0.158532,
        "20-30k": -0.176376,
        "30k+": -0.261182
    },
    "dti": {
        "<10": 0.353121,
        "10-20": 0.137611,
        "20-30": -0.182373,
        "30-40": -0.497065,
        "40+": -0.566149,
        "Missing": 0.063321
    },
    "bc_util": {
        "<20%": 0.290122,
        "20-40%": 0.18103,
        "40-60%": 0.039957,
        "60-80%": -0.054759,
        "80%+": -0.189892,
        "Missing": 0.223846
    },
    "percent_bc_gt_75": {
        "0%": 0.25277,
        "1-33%": 0.081136,
        "34-66%": -0.034972,
        "67%+": -0.191386,
        "Missing": 0.227168
    },
    "revol_util": {
        "<20%": 0.349468,
        "20-40%": 0.128666,
        "40-60%": -0.03359,
        "60-80%": -0.113119,
        "80%+": -0.165093,
        "Missing": -0.046505
    },
    "acc_open_past_24mths": {
        "0-1": 0.374241,
        "2-3": 0.195587,
        "4-6": -0.046794,
        "7+": -0.342579,
        "Missing": 0.324925
    },
    "mo_sin_rcnt_tl": {
        "<=3": -0.192933,
        "4-6": -0.046111,
        "7-12": 0.074747,
        "13+": 0.291707,
        "Missing": 0.288314
    },
    "mths_since_recent_inq": {
        "<=3": -0.20405,
        "4-6": -0.027539,
        "7-12": 0.060127,
        "13+": 0.168196,
        "Missing": 0.340916
    }
}
